Colour,Cosmo_Floss_#,R,G,B,RGB_Hex,CC_Column,CC_Row,CC_Index
#F8DFD8,351,248,223,216,#F8DFD8,1,1,1.001
#F9D1DF,352,249,209,223,#F9D1DF,1,2,1.002
#F49DC7,353,244,157,199,#F49DC7,1,3,1.003
#F287BC,354,242,135,188,#F287BC,1,4,1.004
#F4D6E3,480A,244,214,227,#F4D6E3,1,5,1.005
#F5C2DA,2111,245,194,218,#F5C2DA,1,6,1.006
#F2A5CC,112,242,165,204,#F2A5CC,1,7,1.007
#EE8ABF,113,238,138,191,#EE8ABF,1,8,1.008
#EB60A7,114,235,96,167,#EB60A7,1,9,1.009
#E93F82,2114,233,63,130,#E93F82,1,10,1.01
#E63270,115A,230,50,112,#E63270,1,11,1.011
#D9225D,2115,217,34,93,#D9225D,1,12,1.012
#C81B45,3115,200,27,69,#C81B45,1,13,1.013
#EE68A4,203,238,104,164,#EE68A4,1,14,1.014
#ED579E,204,237,87,158,#ED579E,1,15,1.015
#E8427A,205A,232,66,122,#E8427A,1,16,1.016
#CF2448,240,207,36,72,#CF2448,1,17,1.017
#B0202F,241A,176,32,47,#B0202F,1,18,1.018
#AA163C,1241,170,22,60,#AA163C,1,19,1.019
#921B36,242,146,27,54,#921B36,1,20,1.02
#89212B,2241,137,33,43,#89212B,1,21,1.021
#611921,245,97,25,33,#611921,1,22,1.022
#711331,2245,113,19,49,#711331,1,23,1.023
#6B1828,246,107,24,40,#6B1828,1,24,1.024
#351D21,247,53,29,33,#351D21,1,25,1.025
#F1A8D0,499,241,168,208,#F1A8D0,1,26,1.026
#ED8BC4,501,237,139,196,#ED8BC4,1,27,1.027
#E45BAB,502,228,91,171,#E45BAB,1,28,1.028
#D33B92,503,211,59,146,#D33B92,1,29,1.029
#D73386,504,215,51,134,#D73386,1,30,1.03
#CD2C71,505A,205,44,113,#CD2C71,1,31,1.031
#B91D58,506,185,29,88,#B91D58,1,32,1.032
#EFB7D9,2480,239,183,217,#EFB7D9,1,33,1.033
#EDB3D7,481A,237,179,215,#EDB3D7,1,34,1.034
#D677B9,482,214,119,185,#D677B9,1,35,1.035
#BC4A9B,483,188,74,155,#BC4A9B,1,36,1.036
#A63C8A,484A,166,60,138,#A63C8A,1,37,1.037
#9E2679,485A,158,38,121,#9E2679,1,38,1.038
#802064,486,128,32,100,#802064,1,39,1.039
#F7DBE2,220,247,219,226,#F7DBE2,1,40,1.04
#F4C1D9,221,244,193,217,#F4C1D9,1,41,1.041
#E79DB9,2221,231,157,185,#E79DB9,1,42,1.042
#DC80AC,222,220,128,172,#DC80AC,1,43,1.043
#C96899,2222,201,104,153,#C96899,1,44,1.044
#AA427B,223,170,66,123,#AA427B,1,45,1.045
#9E3061,2223,158,48,97,#9E3061,1,46,1.046
#91375B,224,145,55,91,#91375B,1,47,1.047
#841F4A,2224,132,31,74,#841F4A,1,48,1.048
#5A1526,225,90,21,38,#5A1526,1,49,1.049
#4F1426,226,79,20,38,#4F1426,1,50,1.05
#E8ACBE,811,232,172,190,#E8ACBE,2,1,2.001
#DD90A5,812,221,144,165,#DD90A5,2,2,2.002
#CE6B8B,813,206,107,139,#CE6B8B,2,3,2.003
#BB4170,814,187,65,112,#BB4170,2,4,2.004
#A42F5B,815,164,47,91,#A42F5B,2,5,2.005
#9C2B54,816A,156,43,84,#9C2B54,2,6,2.006
#DAA5B7,431,218,165,183,#DAA5B7,2,7,2.007
#D69FB7,432A,214,159,183,#D69FB7,2,8,2.008
#B16D8A,433,177,109,138,#B16D8A,2,9,2.009
#8E4E61,434,142,78,97,#8E4E61,2,10,2.01
#713B48,435,113,59,72,#713B48,2,11,2.011
#651A28,437,101,26,40,#651A28,2,12,2.012
#DAB6B7,232,218,182,183,#DAB6B7,2,13,2.013
#CEA7AE,233,206,167,174,#CEA7AE,2,14,2.014
#B08294,234,176,130,148,#B08294,2,15,2.015
#8F6672,235,143,102,114,#8F6672,2,16,2.016
#7C474F,236,124,71,79,#7C474F,2,17,2.017
#EBC7C7,3651,235,199,199,#EBC7C7,2,18,2.018
#D296A3,652,210,150,163,#D296A3,2,19,2.019
#CC7F91,2652,204,127,145,#CC7F91,2,20,2.02
#AA6074,653,170,96,116,#AA6074,2,21,2.021
#99465A,654,153,70,90,#99465A,2,22,2.022
#75262F,655,117,38,47,#75262F,2,23,2.023
#522022,656,82,32,34,#522022,2,24,2.024
#F9E9DE,101,249,233,222,#F9E9DE,2,25,2.025
#F8DFD7,102,248,223,215,#F8DFD7,2,26,2.026
#F4C7C9,103A,244,199,201,#F4C7C9,2,27,2.027
#EFA3AF,104,239,163,175,#EFA3AF,2,28,2.028
#E57F95,105,229,127,149,#E57F95,2,29,2.029
#E06080,1105,224,96,128,#E06080,2,30,2.03
#DB4F6E,2105,219,79,110,#DB4F6E,2,31,2.031
#BE374C,106,190,55,76,#BE374C,2,32,2.032
#B32B41,107,179,43,65,#B32B41,2,33,2.033
#B62D53,2242,182,45,83,#B62D53,2,34,2.034
#A82231,108,168,34,49,#A82231,2,35,2.035
#71202B,4300,113,32,43,#71202B,2,36,2.036
#F9E5E9,111,249,229,233,#F9E5E9,2,37,2.037
#F8D2DD,832,248,210,221,#F8D2DD,2,38,2.038
#F4A5BC,833,244,165,188,#F4A5BC,2,39,2.039
#DB6684,834A,219,102,132,#DB6684,2,40,2.04
#D34668,2835,211,70,104,#D34668,2,41,2.041
#E02C4F,206,224,44,79,#E02C4F,2,42,2.042
#E95359,836,233,83,89,#E95359,2,43,2.043
#E22C33,838,226,44,51,#E22C33,2,44,2.044
#F6CCA7,341,246,204,167,#F6CCA7,3,1,3.001
#EC916F,2341,236,145,111,#EC916F,3,2,3.002
#E66A5A,342,230,106,90,#E66A5A,3,3,3.003
#E24945,343,226,73,69,#E24945,3,4,3.004
#DD3B3C,2343,221,59,60,#DD3B3C,3,5,3.005
#CA2D32,344,202,45,50,#CA2D32,3,6,3.006
#B6232A,345,182,35,42,#B6232A,3,7,3.007
#AE2229,346,174,34,41,#AE2229,3,8,3.008
#DD1F2C,798,221,31,44,#DD1F2C,3,9,3.009
#C02129,800,192,33,41,#C02129,3,10,3.01
#F0B4AB,851,240,180,171,#F0B4AB,3,11,3.011
#FA978F,852,250,151,143,#FA978F,3,12,3.012
#DF726A,853,223,114,106,#DF726A,3,13,3.013
#D65650,854,214,86,80,#D65650,3,14,3.014
#BE3B39,855,190,59,57,#BE3B39,3,15,3.015
#B82931,857,184,41,49,#B82931,3,16,3.016
#A4232A,858,164,35,42,#A4232A,3,17,3.017
#E1A29A,461,225,162,154,#E1A29A,3,18,3.018
#D28984,462,210,137,132,#D28984,3,19,3.019
#BF706B,463,191,112,107,#BF706B,3,20,3.02
#AE534F,464,174,83,79,#AE534F,3,21,3.021
#9E3F3D,465,158,63,61,#9E3F3D,3,22,3.022
#8F3234,466,143,50,52,#8F3234,3,23,3.023
#792224,467,121,34,36,#792224,3,24,3.024
#E82670,2001,232,38,112,#E82670,3,25,3.025
#B32370,2002,179,35,112,#B32370,3,26,3.026
#7B235F,2003,123,35,95,#7B235F,3,27,3.027
#F5BD99,185A,245,189,153,#F5BD99,4,1,4.001
#ECA189,2185,236,161,137,#ECA189,4,2,4.002
#E88F75,3185,232,143,117,#E88F75,4,3,4.003
#DA6746,186,218,103,70,#DA6746,4,4,4.004
#CB5435,2186,203,84,53,#CB5435,4,5,4.005
#C33F2C,187,195,63,44,#C33F2C,4,6,4.006
#A43328,188,164,51,40,#A43328,4,7,4.007
#F6C28B,402,246,194,139,#F6C28B,4,8,4.008
#F5A966,1402,245,169,102,#F5A966,4,9,4.009
#F29561,2402,242,149,97,#F29561,4,10,4.01
#EF7447,403,239,116,71,#EF7447,4,11,4.011
#E6532D,404,230,83,45,#E6532D,4,12,4.012
#DA4125,405,218,65,37,#DA4125,4,13,4.013
#C03627,406,192,54,39,#C03627,4,14,4.014
#F6A6A1,440,246,166,161,#F6A6A1,4,15,4.015
#F28981,441,242,137,129,#F28981,4,16,4.016
#F06051,443,240,96,81,#F06051,4,17,4.017
#F05144,444A,240,81,68,#F05144,4,18,4.018
#EC3F35,445A,236,63,53,#EC3F35,4,19,4.019
#F5BD9A,340,245,189,154,#F5BD9A,4,20,4.02
#F6AC89,750A,246,172,137,#F6AC89,4,21,4.021
#F5A080,752,245,160,128,#F5A080,4,22,4.022
#F1734D,753,241,115,77,#F1734D,4,23,4.023
#ED5031,754,237,80,49,#ED5031,4,24,4.024
#EC392B,757,236,57,43,#EC392B,4,25,4.025
#E82D2A,758,232,45,42,#E82D2A,4,26,4.026
#FAF3D5,140,250,243,213,#FAF3D5,4,27,4.027
#FBF6C7,141,251,246,199,#FBF6C7,4,28,4.028
#FBED9A,142,251,237,154,#FBED9A,4,29,4.029
#FAE376,143,250,227,118,#FAE376,4,30,4.03
#F8C354,144A,248,195,84,#F8C354,4,31,4.031
#F6A73A,145,246,167,58,#F6A73A,4,32,4.032
#F27E36,146,242,126,54,#F27E36,4,33,4.033
#EE6B2F,147,238,107,47,#EE6B2F,4,34,4.034
#FAF5B0,297,250,245,176,#FAF5B0,5,1,5.001
#FAF585,2297,250,245,133,#FAF585,5,2,5.002
#FAEC4D,300,250,236,77,#FAEC4D,5,3,5.003
#FBE339,301,251,227,57,#FBE339,5,4,5.004
#FBD821,2301,251,216,33,#FBD821,5,5,5.005
#FAD532,302,250,213,50,#FAD532,5,6,5.006
#FBF8A4,3297,251,248,164,#FBF8A4,5,7,5.007
#FBF183,298,251,241,131,#FBF183,5,8,5.008
#F6EF72,299,246,239,114,#F6EF72,5,9,5.009
#F6F054,2299,246,240,84,#F6F054,5,10,5.01
#F8E524,3299,248,229,36,#F8E524,5,11,5.011
#F6E47B,700,246,228,123,#F6E47B,5,12,5.012
#F4D96A,701,244,217,106,#F4D96A,5,13,5.013
#EBC546,702,235,197,70,#EBC546,5,14,5.014
#D89B31,2702,216,155,49,#D89B31,5,15,5.015
#C68030,703,198,128,48,#C68030,5,16,5.016
#C1782B,704,193,120,43,#C1782B,5,17,5.017
#AE6F29,705A,174,111,41,#AE6F29,5,18,5.018
#9A5D26,706,154,93,38,#9A5D26,5,19,5.019
#E7CB98,572,231,203,152,#E7CB98,5,20,5.02
#CDAA6D,573,205,170,109,#CDAA6D,5,21,5.021
#D5A354,2573,213,163,84,#D5A354,5,22,5.022
#C5984B,574,197,152,75,#C5984B,5,23,5.023
#B28034,575A,178,128,52,#B28034,5,24,5.024
#8B6129,576,139,97,41,#8B6129,5,25,5.025
#855B2A,577A,133,91,42,#855B2A,5,26,5.026
#714324,578,113,67,36,#714324,5,27,5.027
#C8B060,771,200,176,96,#C8B060,5,28,5.028
#B89B46,772,184,155,70,#B89B46,5,29,5.029
#A38B35,773,163,139,53,#A38B35,5,30,5.03
#876C2B,774,135,108,43,#876C2B,5,31,5.031
#725727,775A,114,87,39,#725727,5,32,5.032
#635025,776,99,80,37,#635025,5,33,5.033
#DAC654,2004,218,198,84,#DAC654,5,34,5.034
#C6B244,2005,198,178,68,#C6B244,5,35,5.035
#C5AA33,2006,197,170,51,#C5AA33,5,36,5.036
#D8E266,2007,216,226,102,#D8E266,5,37,5.037
#E3E73F,2008,227,231,63,#E3E73F,5,38,5.038
#B4AE3F,2009,180,174,63,#B4AE3F,5,39,5.039
#D7D27F,820,215,210,127,#D7D27F,6,1,6.001
#C0B65B,821,192,182,91,#C0B65B,6,2,6.002
#A59A3E,822,165,154,62,#A59A3E,6,3,6.003
#888133,823,136,129,51,#888133,6,4,6.004
#6F6B2C,825,111,107,44,#6F6B2C,6,5,6.005
#535227,826,83,82,39,#535227,6,6,6.006
#B2AF50,671,178,175,80,#B2AF50,6,7,6.007
#858F37,673,133,143,55,#858F37,6,8,6.008
#666D2D,674,102,109,45,#666D2D,6,9,6.009
#5B5F2A,675A,91,95,42,#5B5F2A,6,10,6.01
#4A4F2B,676,74,79,43,#4A4F2B,6,11,6.011
#DEE0B9,681,222,224,185,#DEE0B9,6,12,6.012
#D2D5A1,682,210,213,161,#D2D5A1,6,13,6.013
#ABAE71,683,171,174,113,#ABAE71,6,14,6.014
#818751,684,129,135,81,#818751,6,15,6.015
#5E6233,685,94,98,51,#5E6233,6,16,6.016
#4A4C26,686,74,76,38,#4A4C26,6,17,6.017
#36381E,687,54,56,30,#36381E,6,18,6.018
#B9C8A3,921,185,200,163,#B9C8A3,6,19,6.019
#A7B88E,922,167,184,142,#A7B88E,6,20,6.02
#85996C,923,133,153,108,#85996C,6,21,6.021
#697E52,924,105,126,82,#697E52,6,22,6.022
#597037,2924,89,112,55,#597037,6,23,6.023
#485930,925,72,89,48,#485930,6,24,6.024
#344223,926,52,66,35,#344223,6,25,6.025
#2D301B,927,45,48,27,#2D301B,6,26,6.026
#CED78E,629,206,215,142,#CED78E,6,27,6.027
#B8CC78,630A,184,204,120,#B8CC78,6,28,6.028
#8EAA4B,631,142,170,75,#8EAA4B,6,29,6.029
#7A9F3D,2631,122,159,61,#7A9F3D,6,30,6.03
#688E38,632,104,142,56,#688E38,6,31,6.031
#517734,633,81,119,52,#517734,6,32,6.032
#435E2E,634,67,94,46,#435E2E,6,33,6.033
#395029,635A,57,80,41,#395029,6,34,6.034
#324324,636,50,67,36,#324324,6,35,6.035
#2F3F23,637,47,63,35,#2F3F23,6,36,6.036
#D1DD8C,116,209,221,140,#D1DD8C,6,37,6.037
#AABE69,117,170,190,105,#AABE69,6,38,6.038
#99B060,2117,153,176,96,#99B060,6,39,6.039
#769E45,118,118,158,69,#769E45,6,40,6.04
#6B8F42,2118,107,143,66,#6B8F42,6,41,6.041
#557535,119,85,117,53,#557535,6,42,6.042
#416E36,120,65,110,54,#416E36,6,43,6.043
#325930,2120,50,89,48,#325930,6,44,6.044
#254628,121,37,70,40,#254628,6,45,6.045
#1C2C1B,122,28,44,27,#1C2C1B,6,46,6.046
#CCE08B,323,204,224,139,#CCE08B,6,47,6.047
#BFD771,2323,191,215,113,#BFD771,6,48,6.048
#9CC448,324,156,196,72,#9CC448,6,49,6.049
#7DAC3E,325A,125,172,62,#7DAC3E,6,50,6.05
#609C37,326,96,156,55,#609C37,6,51,6.051
#4C8738,327,76,135,56,#4C8738,6,52,6.052
#3B6C36,328,59,108,54,#3B6C36,6,53,6.053
#326132,329,50,97,50,#326132,6,54,6.054
#C2DE70,269,194,222,112,#C2DE70,7,1,7.001
#AFD762,270,175,215,98,#AFD762,7,2,7.002
#8DC64E,271,141,198,78,#8DC64E,7,3,7.003
#63AA44,272,99,170,68,#63AA44,7,4,7.004
#4D983E,273,77,152,62,#4D983E,7,5,7.005
#40873D,274,64,135,61,#40873D,7,6,7.006
#377E3E,275,55,126,62,#377E3E,7,7,7.007
#31743D,276,49,116,61,#31743D,7,8,7.008
#284D2C,4905,40,77,44,#284D2C,7,9,7.009
#A9CBA8,316A,169,203,168,#A9CBA8,7,10,7.01
#8FB98E,317,143,185,142,#8FB98E,7,11,7.011
#79AB7F,2317,121,171,127,#79AB7F,7,12,7.012
#659971,318,101,153,113,#659971,7,13,7.013
#45754A,319,69,117,74,#45754A,7,14,7.014
#376541,2319,55,101,65,#376541,7,15,7.015
#2D5333,320,45,83,51,#2D5333,7,16,7.016
#A6C49E,533A,166,196,158,#A6C49E,7,17,7.017
#89A98C,534A,137,169,140,#89A98C,7,18,7.018
#608C77,535,96,140,119,#608C77,7,19,7.019
#588873,2535,88,136,115,#588873,7,20,7.02
#466457,536A,70,100,87,#466457,7,21,7.021
#2F5A44,2536A,47,90,68,#2F5A44,7,22,7.022
#214331,537,33,67,49,#214331,7,23,7.023
#26362C,538,38,54,44,#26362C,7,24,7.024
#B3DDB3,333,179,221,179,#B3DDB3,7,25,7.025
#8BC895,334,139,200,149,#8BC895,7,26,7.026
#5EAD6D,335,94,173,109,#5EAD6D,7,27,7.027
#56A265,336,86,162,101,#56A265,7,28,7.028
#418751,337,65,135,81,#418751,7,29,7.029
#2A6337,338,42,99,55,#2A6337,7,30,7.03
#9DD5B7,842,157,213,183,#9DD5B7,7,31,7.031
#73BE9C,843,115,190,156,#73BE9C,7,32,7.032
#54A181,844,84,161,129,#54A181,7,33,7.033
#3C7E61,845,60,126,97,#3C7E61,7,34,7.034
#306753,846,48,103,83,#306753,7,35,7.035
#A9DBD0,896,169,219,208,#A9DBD0,7,36,7.036
#8BCDBD,897,139,205,189,#8BCDBD,7,37,7.037
#61AD9C,898,97,173,156,#61AD9C,7,38,7.038
#4D9D8B,899,77,157,139,#4D9D8B,7,39,7.039
#367B6E,900,54,123,110,#367B6E,7,40,7.04
#2C675D,902,44,103,93,#2C675D,7,41,7.041
#CCDE52,2010,204,222,82,#CCDE52,7,42,7.042
#A9D150,2011,169,209,80,#A9D150,7,43,7.043
#75784D,2012,117,120,77,#75784D,7,44,7.044
#636D34,2013,99,109,52,#636D34,7,45,7.045
#505C2E,2014,80,92,46,#505C2E,7,46,7.046
#616E53,2015,97,110,83,#616E53,7,47,7.047
#324227,2016,50,66,39,#324227,7,48,7.048
#D8E9DF,2211,216,233,223,#D8E9DF,8,1,8.001
#BEE5D0,561,190,229,208,#BEE5D0,8,2,8.002
#A3D1C2,562,163,209,194,#A3D1C2,8,3,8.003
#84B9B3,563,132,185,179,#84B9B3,8,4,8.004
#71ADA8,2563,113,173,168,#71ADA8,8,5,8.005
#5C9494,564,92,148,148,#5C9494,8,6,8.006
#457A88,566,69,122,136,#457A88,8,7,8.007
#A7BFC0,980,167,191,192,#A7BFC0,8,8,8.008
#819FA2,981A,129,159,162,#819FA2,8,9,8.009
#75989D,2981,117,152,157,#75989D,8,10,8.01
#597E89,982,89,126,137,#597E89,8,11,8.011
#3C5E6A,983,60,94,106,#3C5E6A,8,12,8.012
#2B4A53,984,43,74,83,#2B4A53,8,13,8.013
#9CC8C7,371,156,200,199,#9CC8C7,8,14,8.014
#90C6CF,372,144,198,207,#90C6CF,8,15,8.015
#77B8BE,373,119,184,190,#77B8BE,8,16,8.016
#5A99A6,374,90,153,166,#5A99A6,8,17,8.017
#3D748C,375,61,116,140,#3D748C,8,18,8.018
#2F5C83,376,47,92,131,#2F5C83,8,19,8.019
#E9F1EF,211,233,241,239,#E9F1EF,8,20,8.02
#B9DCDD,2251,185,220,221,#B9DCDD,8,21,8.021
#92C2CF,252,146,194,207,#92C2CF,8,22,8.022
#598FB0,253,89,143,176,#598FB0,8,23,8.023
#5281A9,2253,82,129,169,#5281A9,8,24,8.024
#35588F,254,53,88,143,#35588F,8,25,8.025
#C0D5DE,730,192,213,222,#C0D5DE,8,26,8.026
#98B3C8,731,152,179,200,#98B3C8,8,27,8.027
#819DBB,732,129,157,187,#819DBB,8,28,8.028
#5E7E9D,733,94,126,157,#5E7E9D,8,29,8.029
#465F80,734,70,95,128,#465F80,8,30,8.03
#334768,735,51,71,104,#334768,8,31,8.031
#AFC6D4,162A,175,198,212,#AFC6D4,8,32,8.032
#94B9D7,163,148,185,215,#94B9D7,8,33,8.033
#6B93BF,164,107,147,191,#6B93BF,8,34,8.034
#5774A1,165A,87,116,161,#5774A1,8,35,8.035
#365186,166,54,81,134,#365186,8,36,8.036
#2E4277,167,46,66,119,#2E4277,8,37,8.037
#363D64,2167,54,61,100,#363D64,8,38,8.038
#282B54,168,40,43,84,#282B54,8,39,8.039
#1F203B,169,31,32,59,#1F203B,8,40,8.04
#15192E,602,21,25,46,#15192E,8,41,8.041
#DAEFF6,410A,218,239,246,#DAEFF6,8,42,8.042
#BDE4F2,411,189,228,242,#BDE4F2,8,43,8.043
#9BD2EE,412,155,210,238,#9BD2EE,8,44,8.044
#6CAFE0,2412,108,175,224,#6CAFE0,8,45,8.045
#4F8BCD,413,79,139,205,#4F8BCD,8,46,8.046
#3E79C1,414A,62,121,193,#3E79C1,8,47,8.047
#3365B1,415A,51,101,177,#3365B1,8,48,8.048
#D9E1E5,520,217,225,229,#D9E1E5,9,1,9.001
#CDE0E2,521A,205,224,226,#CDE0E2,9,2,9.002
#B1C9DE,522,177,201,222,#B1C9DE,9,3,9.003
#96B6DA,523,150,182,218,#96B6DA,9,4,9.004
#7BA2D2,2212,123,162,210,#7BA2D2,9,5,9.005
#4F70B3,214,79,112,179,#4F70B3,9,6,9.006
#5272B7,525,82,114,183,#5272B7,9,7,9.007
#4966B1,526,73,102,177,#4966B1,9,8,9.008
#3B54A1,2214,59,84,161,#3B54A1,9,9,9.009
#2D3880,216,45,56,128,#2D3880,9,10,9.01
#2D2F5E,218,45,47,94,#2D2F5E,9,11,9.011
#31336D,4792,49,51,109,#31336D,9,12,9.012
#929EC5,662,146,158,197,#929EC5,9,13,9.013
#7A85B7,2662,122,133,183,#7A85B7,9,14,9.014
#646FAF,663,100,111,175,#646FAF,9,15,9.015
#4F569C,664A,79,86,156,#4F569C,9,16,9.016
#3C438A,2664,60,67,138,#3C438A,9,17,9.017
#353A7D,665,53,58,125,#353A7D,9,18,9.018
#2A2A53,667A,42,42,83,#2A2A53,9,19,9.019
#2E2F52,668,46,47,82,#2E2F52,9,20,9.02
#19192C,669A,25,25,44,#19192C,9,21,9.021
#92B7B8,2017,146,183,184,#92B7B8,9,22,9.022
#809BA5,2018,128,155,165,#809BA5,9,23,9.023
#3E637E,2019,62,99,126,#3E637E,9,24,9.024
#535656,2020,83,86,86,#535656,9,25,9.025
#AEE2E9,2021,174,226,233,#AEE2E9,9,26,9.026
#74CAE6,2022,116,202,230,#74CAE6,9,27,9.027
#469FC6,2023,70,159,198,#469FC6,9,28,9.028
#326683,2024,50,102,131,#326683,9,29,9.029
#7DABCB,2025,125,171,203,#7DABCB,9,30,9.03
#5087B0,2026,80,135,176,#5087B0,9,31,9.031
#3A67B4,2027,58,103,180,#3A67B4,9,32,9.032
#C1BCDB,171A,193,188,219,#C1BCDB,10,1,10.001
#A69DCE,172A,166,157,206,#A69DCE,10,2,10.002
#8E87C2,2172,142,135,194,#8E87C2,10,3,10.003
#7C73B7,173,124,115,183,#7C73B7,10,4,10.004
#655AA9,174,101,90,169,#655AA9,10,5,10.005
#5F50A3,175,95,80,163,#5F50A3,10,6,10.006
#544799,176,84,71,153,#544799,10,7,10.007
#C9BCD8,551,201,188,216,#C9BCD8,10,8,10.008
#A89CCB,552,168,156,203,#A89CCB,10,9,10.009
#8E83B8,553,142,131,184,#8E83B8,10,10,10.01
#7868A2,554,120,104,162,#7868A2,10,11,10.011
#564E88,555,86,78,136,#564E88,10,12,10.012
#403B71,556,64,59,113,#403B71,10,13,10.013
#352E56,557,53,46,86,#352E56,10,14,10.014
#C0A9BC,761,192,169,188,#C0A9BC,10,15,10.015
#9C849D,762,156,132,157,#9C849D,10,16,10.016
#8E7193,2762,142,113,147,#8E7193,10,17,10.017
#88698A,763,136,105,138,#88698A,10,18,10.018
#6C4D71,764,108,77,113,#6C4D71,10,19,10.019
#4F3556,765,79,53,86,#4F3556,10,20,10.02
#422D47,766,66,45,71,#422D47,10,21,10.021
#C6A2CB,261,198,162,203,#C6A2CB,10,22,10.022
#A580BC,262,165,128,188,#A580BC,10,23,10.023
#8961A8,2262,137,97,168,#8961A8,10,24,10.024
#6D4C93,263,109,76,147,#6D4C93,10,25,10.025
#624283,264,98,66,131,#624283,10,26,10.026
#673C84,265,103,60,132,#673C84,10,27,10.027
#553273,266,85,50,115,#553273,10,28,10.028
#D3B2D5,281,211,178,213,#D3B2D5,10,29,10.029
#C19BC9,2281,193,155,201,#C19BC9,10,30,10.03
#A674BA,282,166,116,186,#A674BA,10,31,10.031
#7D4DA2,283,125,77,162,#7D4DA2,10,32,10.032
#723E94,284,114,62,148,#723E94,10,33,10.033
#653488,285,101,52,136,#653488,10,34,10.034
#4D2A68,286,77,42,104,#4D2A68,10,35,10.035
#482A67,287A,72,42,103,#482A67,10,36,10.036
#6C677C,2028,108,103,124,#6C677C,10,37,10.037
#3E3A4E,2029,62,58,78,#3E3A4E,10,38,10.038
#281F24,2030,40,31,36,#281F24,10,39,10.039
#AE6BA6,2031,174,107,166,#AE6BA6,10,40,10.04
#824877,2032,130,72,119,#824877,10,41,10.041
#6F3961,2033,111,57,97,#6F3961,10,42,10.042
#AC93A6,2034,172,147,166,#AC93A6,10,43,10.043
#5E485A,2035,94,72,90,#5E485A,10,44,10.044
#C9B5AC,380,201,181,172,#C9B5AC,11,1,11.001
#B69B91,382,182,155,145,#B69B91,11,2,11.002
#927C6D,383,146,124,109,#927C6D,11,3,11.003
#765B51,384,118,91,81,#765B51,11,4,11.004
#61483D,386,97,72,61,#61483D,11,5,11.005
#DFB5A0,423,223,181,160,#DFB5A0,11,6,11.006
#D39D87,424,211,157,135,#D39D87,11,7,11.007
#BD856F,2424,189,133,111,#BD856F,11,8,11.008
#A16D5B,425,161,109,91,#A16D5B,11,9,11.009
#74473D,426,116,71,61,#74473D,11,10,11.01
#E0A581,126A,224,165,129,#E0A581,11,11,11.011
#DA8765,127,218,135,101,#DA8765,11,12,11.012
#BE5F42,128,190,95,66,#BE5F42,11,13,11.013
#9A412B,129,154,65,43,#9A412B,11,14,11.014
#95432C,2129,149,67,44,#95432C,11,15,11.015
#6D3022,130,109,48,34,#6D3022,11,16,11.016
#58251F,131,88,37,31,#58251F,11,17,11.017
#40271E,2311,64,39,30,#40271E,11,18,11.018
#E2C8A3,305,226,200,163,#E2C8A3,11,19,11.019
#D4B592,306,212,181,146,#D4B592,11,20,11.02
#BC9769,307,188,151,105,#BC9769,11,21,11.021
#A47348,2307,164,115,72,#A47348,11,22,11.022
#9B6438,308,155,100,56,#9B6438,11,23,11.023
#855430,309,133,84,48,#855430,11,24,11.024
#76422B,2310,118,66,43,#76422B,11,25,11.025
#573E2F,310,87,62,47,#573E2F,11,26,11.026
#4F4036,311,79,64,54,#4F4036,11,27,11.027
#6C372A,3311,108,55,42,#6C372A,11,28,11.028
#422520,4311,66,37,32,#422520,11,29,11.029
#2B2320,312,43,35,32,#2B2320,11,30,11.03
#A59087,2036,165,144,135,#A59087,11,31,11.031
#7C685F,2037,124,104,95,#7C685F,11,32,11.032
#605042,2038,96,80,66,#605042,11,33,11.033
#6D5D43,2039,109,93,67,#6D5D43,11,34,11.034
#4F3D2E,2040,79,61,46,#4F3D2E,11,35,11.035
#EAE9D6,364,234,233,214,#EAE9D6,12,1,12.001
#D3D2BB,365,211,210,187,#D3D2BB,12,2,12.002
#B2B194,366,178,177,148,#B2B194,12,3,12.003
#89816B,367,137,129,107,#89816B,12,4,12.004
#6C6454,368,108,100,84,#6C6454,12,5,12.005
#474333,369,71,67,51,#474333,12,6,12.006
#4A3E24,370,74,62,36,#4A3E24,12,7,12.007
#D8D0BF,711,216,208,191,#D8D0BF,12,8,12.008
#C5BFB2,712,197,191,178,#C5BFB2,12,9,12.009
#AAA290,713,170,162,144,#AAA290,12,10,12.01
#908773,714,144,135,115,#908773,12,11,12.011
#786E5B,715,120,110,91,#786E5B,12,12,12.012
#645B46,716,100,91,70,#645B46,12,13,12.013
#615740,717,97,87,64,#615740,12,14,12.014
#443E2B,718,68,62,43,#443E2B,12,15,12.015
#CBC4B3,151,203,196,179,#CBC4B3,12,16,12.016
#ACA99C,890,172,169,156,#ACA99C,12,17,12.017
#979283,891,151,146,131,#979283,12,18,12.018
#858177,892,133,129,119,#858177,12,19,12.019
#6C6C66,893,108,108,102,#6C6C66,12,20,12.02
#585550,894,88,85,80,#585550,12,21,12.021
#383633,895,56,54,51,#383633,12,22,12.022
#C1AEAE,472,193,174,174,#C1AEAE,12,23,12.023
#B19FA2,473,177,159,162,#B19FA2,12,24,12.024
#9B888D,474,155,136,141,#9B888D,12,25,12.025
#78646C,475,120,100,108,#78646C,12,26,12.026
#614B58,476,97,75,88,#614B58,12,27,12.027
#3B2E37,477,59,46,55,#3B2E37,12,28,12.028
#36313C,478,54,49,60,#36313C,12,29,12.029
#201823,603,32,24,35,#201823,12,30,12.03
#B2ADA3,2151,178,173,163,#B2ADA3,12,31,12.031
#93918A,152A,147,145,138,#93918A,12,32,12.032
#7A7A78,153A,122,122,120,#7A7A78,12,33,12.033
#696767,154,105,103,103,#696767,12,34,12.034
#545358,2154,84,83,88,#545358,12,35,12.035
#45454B,155,69,69,75,#45454B,12,36,12.036
#323133,156,50,49,51,#323133,12,37,12.037
#2E2A31,601,46,42,49,#2E2A31,12,38,12.038
#101113,600,16,17,19,#101113,12,39,12.039
#F5F5F5,2500,245,245,245,#F5F5F5,12,40,12.04
#F7F7F7,500,247,247,247,#F7F7F7,12,41,12.041
#F4F4F4,100,244,244,244,#F4F4F4,12,42,12.042
#FCFCF2,110,252,252,242,#FCFCF2,12,43,12.043
#E7D6B6,1000,231,214,182,#E7D6B6,12,44,12.044
#474639,2041,71,70,57,#474639,12,45,12.045